<?xml version="1.0" encoding="ISO-8859-1"?>

<xlib_symbol id='xAddEventListener'>

<copyright>Copyright 2001-2005 Michael Foster (Cross-Browser.com)</copyright>
<license>Part of X, a Cross-Browser Javascript Library, Distributed under the terms of the GNU LGPL</license>
<groups>
  <grp>Event</grp>
  <grp>DOM</grp>
</groups>
<type>Function</type>

<description><![CDATA[Register an event listener on the element. For some browsers the window.onscroll and window.onresize events are simulated.]]></description>

<syntax>xAddEventListener(ele, sEventType, fnEventListener[, bCapture])</syntax>

<parameters>
  <par>
    <name>ele</name>
    <note><![CDATA[ID string or object reference.]]></note>
  </par>
  <par>
    <name>sEventType</name>
    <note><![CDATA[String event type: 'mousemove', 'click', 'resize', etc.]]></note>
  </par>
  <par>
    <name>fnEventListener</name>
    <note><![CDATA[Reference to the listener function.]]></note>
  </par>
  <par>
    <name>bCapture</name>
    <note><![CDATA[Boolean capture event flag.]]></note>
  </par>
</parameters>

<dependencies>
  <dep>xIE4Up</dep>
  <dep>xOp7Up</dep>
  <dep>xGetElementById</dep>
  <dep>xClientWidth</dep>
  <dep>xClientHeight</dep>
  <dep>xScrollLeft</dep>
  <dep>xScrollTop</dep>
</dependencies>

<demos>
  <demo>
    <url>http://cross-browser.com/x/examples/drag2.php</url>
    <note><![CDATA[Many of the demos use xAddEventListener.]]></note>
  </demo>
</demos>

<comments>
  <comment>
    <date>13Mar05</date>
    <author>mf</author>
    <note><![CDATA[The 2 sim events add a lot of weight - find a solution!!!]]></note>
  </comment>
</comments>

<revisions>
  <rev>
    <num>3</num>
    <date>25Apr05</date>
    <author>mf</author>
    <note><![CDATA[Use xOp7Up instead of xOp7.]]></note>
  </rev>
  <rev>
    <num>2</num>
    <date>14Mar05</date>
    <author>mf</author>
    <note><![CDATA[Reduced 136 bytes with shorter parameter names.]]></note>
  </rev>
  <rev>
    <num>1</num>
    <date>31Mar04</date>
    <author>mf</author>
    <note><![CDATA[Put in it's own file for use with XC.]]></note>
  </rev>
</revisions>

</xlib_symbol>
