<?xml version="1.0" encoding="ISO-8859-1"?>

<xlib_symbol id='xColor'>

<copyright>Copyright 2001-2005 Michael Foster (Cross-Browser.com)</copyright>
<license>Part of X, a Cross-Browser Javascript Library, Distributed under the terms of the GNU LGPL</license>
<groups>
  <grp>Presentation</grp>
</groups>
<type>Function</type>

<description><![CDATA[Return and optionally set the element's text color.]]></description>

<syntax>xColor(ele[, sColor])</syntax>

<parameters>
  <par>
    <name>ele</name>
    <note><![CDATA[id string or object reference]]></note>
  </par>
  <par>
    <name>sColor</name>
    <note><![CDATA[color string]]></note>
  </par>
</parameters>

<return>string, element.style.color</return>

<dependencies>
  <dep>xGetElementById</dep>
  <dep>xDef</dep>
  <dep>xStr</dep>
</dependencies>

<demos>
  <demo>
    <url>http://cross-browser.com/toys/</url>
    <note><![CDATA[Index of all X demos.]]></note>
  </demo>
</demos>

<revisions>
  <rev>
    <num>2</num>
    <date>15Mar05</date>
    <author>mf</author>
    <note><![CDATA[reduced by 16 bytes with shorter parameter names]]></note>
  </rev>
  <rev>
    <num>1</num>
    <date>31Mar04</date>
    <author>mf</author>
    <note><![CDATA[put in it's own file for use with XC]]></note>
  </rev>
</revisions>

</xlib_symbol>
