<?xml version="1.0" encoding="ISO-8859-1"?>

<xlib_symbol id='xCreateElement'>

<copyright>Copyright 2001-2005 Michael Foster (Cross-Browser.com)</copyright>
<license>Part of X, a Cross-Browser Javascript Library, Distributed under the terms of the GNU LGPL</license>
<groups>
  <grp>DOM</grp>
</groups>
<type>Function</type>

<description><![CDATA[A safe wrapper for document.createElement]]></description>

<syntax>xCreateElement(sTag)</syntax>

<parameters>
  <par>
    <name>sTag</name>
    <note><![CDATA[string tagname]]></note>
  </par>
</parameters>

<return>The object created or null.</return>

<demos>
  <demo>
    <url>http://cross-browser.com/toys/</url>
    <note><![CDATA[Index of all X demos.]]></note>
  </demo>
</demos>

<revisions>
  <rev>
    <num>1</num>
    <date>31Mar04</date>
    <author>mf</author>
    <note><![CDATA[put in it's own file for use with XC]]></note>
  </rev>
</revisions>

</xlib_symbol>
