<?xml version="1.0" encoding="ISO-8859-1"?>

<xlib_symbol id='xEnableDrag'>

<copyright>Copyright 2002-2005 Michael Foster (Cross-Browser.com)</copyright>
<license>Part of X, a Cross-Browser Javascript Library, Distributed under the terms of the GNU LGPL</license>
<groups>
  <grp>Event</grp>
</groups>
<type>Function</type>

<description><![CDATA[Enable dragging for the element.]]></description>

<syntax>xEnableDrag(ele[, fnDragStart[, fnDrag[, fnDragEnd]]])</syntax>

<parameters>
  <par>
    <name>ele</name>
    <note><![CDATA[id string or element object reference]]></note>
  </par>
  <par>
    <name>fnDragStart</name>
    <note><![CDATA[this function will be called on mousedown on ele]]></note>
  </par>
  <par>
    <name>fnDrag</name>
    <note><![CDATA[this function will be called on each mousemove during dragging]]></note>
  </par>
  <par>
    <name>fnDragEnd</name>
    <note><![CDATA[this function will be called on mouseup on ele]]></note>
  </par>
</parameters>

<dependencies>
  <dep>xGetElementById</dep>
  <dep>xAddEventListener</dep>
  <dep>xRemoveEventListener</dep>
  <dep>xEvent</dep>
  <dep>xParent</dep>
  <dep>xMoveTo</dep>
  <dep>xPreventDefault</dep>
</dependencies>

<demos>
  <demo>
    <url>http://cross-browser.com/x/examples/drag1.php</url>
    <note><![CDATA[]]></note>
  </demo>
  <demo>
    <url>http://cross-browser.com/x/examples/drag2.php</url>
    <note><![CDATA[An object-oriented version of drag1.php.]]></note>
  </demo>
</demos>

<revisions>
  <rev>
    <num>1</num>
    <date>16Mar05</date>
    <author>mf</author>
    <note><![CDATA[Reduced 426 bytes! Renamed event listeners, variables and parameters. Calling xPreventDefault instead of inline code.]]></note>
  </rev>
</revisions>

</xlib_symbol>
