<?xml version="1.0" encoding="ISO-8859-1"?>

<xlib_symbol id='xGetElementsByClassName'>

<copyright>Copyright 2002-2005 Michael Foster (Cross-Browser.com)</copyright>
<license>Part of X, a Cross-Browser Javascript Library, Distributed under the terms of the GNU LGPL</license>
<groups>
  <grp>DOM</grp>
</groups>
<type>Function</type>

<description><![CDATA[Returns an array of elements which are descendants of parentEle and have tagName and clsName. If parentEle is null or not present, document will be used. If tagName is null or not present, "*" will be used.]]></description>

<syntax>xGetElementsByClassName(sClsName, oParentEle, sTagName, fn)</syntax>

<parameters>
  <par>
    <name>sClsName</name>
    <note><![CDATA[]]></note>
  </par>
  <par>
    <name>oParentEle</name>
    <note><![CDATA[]]></note>
  </par>
  <par>
    <name>sTagName</name>
    <note><![CDATA[]]></note>
  </par>
  <par>
    <name>fn</name>
    <note><![CDATA[callback function, iterates thru the returned list]]></note>
  </par>
</parameters>

<return>
</return>

<dependencies>
  <dep>xGetElementsByTagName</dep>
</dependencies>

<demos>
  <demo>
    <url>http://cross-browser.com/toys/</url>
    <note><![CDATA[Index of all X demos.]]></note>
  </demo>
</demos>

<revisions>
  <rev>
    <num>4</num>
    <date>15Mar05</date>
    <author>mf</author>
    <note><![CDATA[Reduced 46 bytes.]]></note>
  </rev>
  <rev>
    <num>3</num>
    <date>7Mar05</date>
    <author>mf</author>
    <note><![CDATA[Bug-fix from Daniel FAIVRE.]]></note>
  </rev>
  <rev>
    <num>2</num>
    <date>15May04</date>
    <author>mf</author>
    <note><![CDATA[added callback fn]]></note>
  </rev>
  <rev>
    <num>1</num>
    <date>31Mar04</date>
    <author>mf</author>
    <note><![CDATA[put in it's own file for use with XC]]></note>
  </rev>
</revisions>

</xlib_symbol>
