<?xml version="1.0" encoding="ISO-8859-1"?>

<xlib_symbol id='xGetElementById'>

<copyright>Copyright 2001-2005 Michael Foster (Cross-Browser.com)</copyright>
<license>Part of X, a Cross-Browser Javascript Library, Distributed under the terms of the GNU LGPL</license>
<groups>
  <grp>DOM</grp>
  <grp></grp>
</groups>
<type>Function</type>

<description><![CDATA[Get an object reference to the element object with the passed ID.]]></description>

<syntax>xGetElementById(ele)</syntax>

<parameters>
  <par>
    <name>ele</name>
    <note><![CDATA[id string or object reference]]></note>
  </par>
</parameters>

<return>object reference or null</return>

<demos>
  <demo>
    <url>http://cross-browser.com/toys/</url>
    <note><![CDATA[xGetElementById is used in almost all the demos]]></note>
  </demo>
</demos>

<revisions>
  <rev>
    <num>1</num>
    <date>31Mar04</date>
    <author>mf</author>
    <note><![CDATA[put in it's own file for use with XC]]></note>
  </rev>
</revisions>

</xlib_symbol>
