<?xml version="1.0" encoding="ISO-8859-1"?>

<xlib_symbol id='xLoadScript'>

<copyright>Copyright 2001-2005 Michael Foster (Cross-Browser.com)</copyright>
<license>Part of X, a Cross-Browser Javascript Library, Distributed under the terms of the GNU LGPL</license>
<groups>
  <grp>Debug</grp>
</groups>
<type>Function</type>

<description><![CDATA[Debug utility. Dynamically load a js file.]]></description>

<syntax>xLoadScript(url)</syntax>

<parameters>
  <par>
    <name>url</name>
    <note><![CDATA[address of js file]]></note>
  </par>
</parameters>

<demos>
  <demo>
    <url>http://cross-browser.com/toys/</url>
    <note><![CDATA[Index of all X demos.]]></note>
  </demo>
</demos>

<revisions>
  <rev>
    <num>1</num>
    <date>12Mar05</date>
    <author>mf</author>
    <note><![CDATA[put in it's own file for use with XC]]></note>
  </rev>
</revisions>

</xlib_symbol>
