<?xml version="1.0" encoding="ISO-8859-1"?>

<xlib_symbol id='xName'>

<copyright>Copyright 2001-2005 Michael Foster (Cross-Browser.com)</copyright>
<license>Part of X, a Cross-Browser Javascript Library, Distributed under the terms of the GNU LGPL</license>
<groups>
  <grp>Debug</grp>
</groups>
<type>Function</type>

<description><![CDATA[Debugging utility.]]></description>

<syntax>xName(e)</syntax>

<parameters>
  <par>
    <name>e</name>
    <note><![CDATA[]]></note>
  </par>
</parameters>

<return>string</return>

<demos>
  <demo>
    <url>http://cross-browser.com/toys/</url>
    <note><![CDATA[Index of all X demos.]]></note>
  </demo>
</demos>

</xlib_symbol>
