<?xml version="1.0" encoding="ISO-8859-1"?>

<xlib_symbol id='xSlideCornerTo'>

<copyright>Copyright 2005 Michael Foster (Cross-Browser.com)</copyright>
<license>Part of X, a Cross-Browser Javascript Library, Distributed under the terms of the GNU LGPL</license>
<groups>
  <grp>Animation</grp>
  <grp>Size</grp>
</groups>
<type>Function</type>

<description><![CDATA[Time-based resize (corner slide) with sinusoidal rate.]]></description>

<syntax>xSlideCornerTo(ele, corner, targetX, targetY, totalTime)</syntax>

<parameters>
  <par>
    <name>ele</name>
    <note><![CDATA[element object reference or string id]]></note>
  </par>
  <par>
    <name>corner</name>
    <note><![CDATA[string, one of:  ne, se, sw, or nw]]></note>
  </par>
  <par>
    <name>targetX</name>
    <note><![CDATA[integer]]></note>
  </par>
  <par>
    <name>targetY</name>
    <note><![CDATA[integer]]></note>
  </par>
  <par>
    <name>totalTime</name>
    <note><![CDATA[integer, in ms]]></note>
  </par>
</parameters>

<dependencies>
  <dep>xGetElementById</dep>
  <dep>xLeft</dep>
  <dep>xTop</dep>
  <dep>xHeight</dep>
  <dep>xWidth</dep>
  <dep>xMoveTo</dep>
  <dep>xResizeTo</dep>
</dependencies>

<demos>
  <demo>
    <url>http://cross-browser.com/x/examples/xslidecornerto.php</url>
    <note><![CDATA[animated resize demo]]></note>
  </demo>
</demos>

<comments>
  <comment>
    <date>17May2005</date>
    <author>mf</author>
    <note><![CDATA[Calling it before the current slide is finished will change the target and continue the slide.]]></note>
  </comment>
</comments>

<revisions>
  <rev>
    <num>2</num>
    <date>17May2005</date>
    <author>mf</author>
    <note><![CDATA[Ported from CBE]]></note>
  </rev>
</revisions>

</xlib_symbol>
