<?xml version="1.0" encoding="ISO-8859-1"?>

<xlib_symbol id='xSlideTo'>

<copyright>Copyright 2001-2005 Michael Foster (Cross-Browser.com)</copyright>
<license>Part of X, a Cross-Browser Javascript Library, Distributed under the terms of the GNU LGPL</license>
<groups>
  <grp>Animation</grp>
  <grp>Position</grp>
</groups>
<type>Function</type>

<description><![CDATA[Animated, linear motion with sinusoidal rate. Slide the element to the target position in the given time.]]></description>

<syntax>xSlideTo(ele, iX, iY, iTime)</syntax>

<parameters>
  <par>
    <name>ele</name>
    <note><![CDATA[id string or object reference]]></note>
  </par>
  <par>
    <name>iX</name>
    <note><![CDATA[integer x target]]></note>
  </par>
  <par>
    <name>iY</name>
    <note><![CDATA[integer y target]]></note>
  </par>
  <par>
    <name>iTime</name>
    <note><![CDATA[total time of slide in ms]]></note>
  </par>
</parameters>

<properties>
  <prop>
    <name>stop</name>
    <note><![CDATA[read/write - the stop property on the element itself, when true, will stop animation]]></note>
  </prop>
  <prop>
    <name>moving</name>
    <note><![CDATA[read-only - the moving property on the element itself, when true, indicates animation is active]]></note>
  </prop>
  <prop>
    <name>timeout</name>
    <note><![CDATA[read/write - the timeout property on the element itself, determines frequency of iterations, default is 25]]></note>
  </prop>
  <prop>
    <name>slideLinear</name>
    <note><![CDATA[read/write - the slideLinear property on the element itself, if true, results in a linear rate instead of sinusoidal.]]></note>
  </prop>
</properties>

<dependencies>
  <dep>xgetelementbyid</dep>
  <dep>xtop</dep>
  <dep>xleft</dep>
  <dep>xmoveto</dep>
</dependencies>

<demos>
  <demo>
    <url>http://cross-browser.com/toys/</url>
    <note><![CDATA[Index of all X demos.]]></note>
  </demo>
</demos>

<revisions>
  <rev>
    <num>2</num>
    <date>6Jun04</date>
    <author>mf</author>
    <note><![CDATA[supports linear rate]]></note>
  </rev>
  <rev>
    <num>1</num>
    <date>31Mar04</date>
    <author>mf</author>
    <note><![CDATA[put in it's own file for use with XC]]></note>
  </rev>
</revisions>

</xlib_symbol>
