<?xml version="1.0" encoding="ISO-8859-1"?>

<xlib_symbol id='xVersion'>

<copyright>Copyright 2001-2005 Michael Foster (Cross-Browser.com)</copyright>

<license>Part of X, a Cross-Browser Javascript Library, Distributed under the terms of the GNU LGPL</license>

<groups>
  <grp>Var</grp>
</groups>

<type>Var</type>

<description><![CDATA[This variable gives the X Library version string for the distribution in which this file was included.]]></description>

<syntax>xVersion</syntax>

<comments>
  <comment><date>26May05</date><author>mf</author><note><![CDATA[Each X symbol's xml file documents its revisions. This file will have general revision notes relative to the current X version.]]></note></comment>
</comments>

<revisions>
  <rev><num>4.0</num><date>26May05</date><author>mf</author><note><![CDATA[... I'm getting there ;-) lots of neat stuff, coming soon ...]]></note></rev>
</revisions>

</xlib_symbol>
