<?xml version="1.0" encoding="utf-8" ?><dwsync><file name="archive.php" server="amypink.com//./" local="-4560037129727508480" remote="-4351181833719775232" /><file name="comments.php" server="amypink.com//./" local="-4445142352218030080" remote="-4351181829424807936" /><file name="footer.php" server="amypink.com//./" local="-4351179188019920896" remote="-4351179170840051712" /><file name="header.php" server="amypink.com//./" local="-4351179411358220288" remote="-4351179381293449216" /><file name="index.php" server="amypink.com//./" local="-4439590595886841856" remote="-4351181807949971456" /><file name="page.php" server="amypink.com//./" local="-4560035222762029056" remote="-4351181807949971456" /><file name="search.php" server="amypink.com//./" local="-4452879628427591680" remote="-4351181795065069568" /><file name="searchform.php" server="amypink.com//./" local="-4452878778024067072" remote="-4351181795065069568" /><file name="sidebar.php" server="amypink.com//./" local="-4351178715573518336" remote="-4351178702688616448" /><file name="single.php" server="amypink.com//./" local="-4447338330341769216" remote="-4351181790770102272" /><file name="style.css" server="amypink.com//./" local="-4439599301785550848" remote="-4351181786475134976" /><file name="t_archiv.php" server="amypink.com//./" local="-4452885134575665152" remote="-4351181786475134976" /><file name="screenshot.png" server="amypink.com//./" local="-4439589114123124736" remote="-4351181799360036864" /></dwsync>