<?xml version="1.0" encoding="ISO-8859-1"?>

<x_symbol id='xAniRgb'>

<sources>
  <src><file>xanirgb.js</file><note><![CDATA[Default.]]></note></src>
</sources>

<copyright>Copyright 2006-2007 Michael Foster (Cross-Browser.com)</copyright>
<license>Part of X, a Cross-Browser Javascript Library, Distributed under the terms of the GNU LGPL</license>

<groups>
  <grp>Animation</grp>
</groups>

<type>Function</type>

<description><![CDATA[Animate an element's CSS property that accepts color values.]]></description>

<syntax>xAniRgb(e, p, c, t[, a[, oe]]);</syntax>

<parameters>
  <par><name>e</name><note><![CDATA[An Element object reference or an id string.]]></note></par>
  <par><name>p</name><note><![CDATA[The CSS property name (string).]]></note></par>
  <par><name>c</name><note><![CDATA[The target value (a color string, '#RRGGBB', or an integer).]]></note></par>
  <par><name>t</name><note><![CDATA[The total time for the animation, in milliseconds.]]></note></par>
  <par><name>a</name><note><![CDATA[Acceleration type: 0=none, 1=sine(fast start, slow at end), 2=cosine(slow start, fast at end). This is optional, the default is 0.]]></note></par>
  <par><name>oe</name><note><![CDATA[The onEnd handler. It can be a function reference or a string. It will be executed at the completion of the animation. This is optional.]]></note></par>
</parameters>

<dependencies>
  <dep>xGetElementById</dep>
  <dep>xParseColor</dep>
  <dep>xGetComputedStyle</dep>
  <dep>xCamelize</dep>
  <dep>xRgbToHex</dep>
</dependencies>

<demos>
  <demo><url>http://cross-browser.com/x/examples/xanimation.html</url><note><![CDATA[Start page of all xAnimation demos.]]></note></demo>
</demos>

<tests>
</tests>

<comments>
</comments>

<revisions>
  <rev><num>1</num><date>26Apr07</date><author>mf</author><note><![CDATA[Initial inclusion in X.]]></note></rev>
</revisions>

</x_symbol>
