<?xml version="1.0" encoding="ISO-8859-1"?>

<x_symbol id='xBackground'>

<sources>
  <src><file>xbackground.js</file><note><![CDATA[Default.]]></note></src>
</sources>

<copyright>Copyright 2001-2007 Michael Foster (Cross-Browser.com)</copyright>
<license>Part of X, a Cross-Browser Javascript Library, Distributed under the terms of the GNU LGPL</license>
<groups>
  <grp>Style</grp>
</groups>
<type>Function</type>

<description><![CDATA[Return and optionally set the element's background color and image.]]></description>

<syntax>xBackground(ele[, sColor[, sImage]])</syntax>

<parameters>
  <par>
    <name>ele</name>
    <note><![CDATA[id string or object reference]]></note>
  </par>
  <par>
    <name>sColor</name>
    <note><![CDATA[background color string]]></note>
  </par>
  <par>
    <name>sImage</name>
    <note><![CDATA[background image URL string]]></note>
  </par>
</parameters>

<return>'style.backgroundColor', a string</return>

<dependencies>
  <dep>xGetElementById</dep>
  <dep>xStr</dep>
</dependencies>

<demos>
  <demo>
    <url>http://cross-browser.com/toys/</url>
    <note><![CDATA[]]></note>
  </demo>
</demos>

<comments>
  <comment><date>2Jul07</date><author>mf</author><note><![CDATA[Don't use this function, access the native property directly. This function is provided only for backwards-compatibility.]]></note></comment>
</comments>

<revisions>
  <rev>
    <num>4</num>
    <date>3Oct06</date>
    <author>mf</author>
    <note><![CDATA[Removed sniffer xOp6Dn as well as Op6 logic. Reduced size by 103 bytes.]]></note>
  </rev>
  <rev>
    <num>3</num>
    <date>25Apr05</date>
    <author>mf</author>
    <note><![CDATA[use xOp6Dn instead of xOp5or6.]]></note>
  </rev>
  <rev>
    <num>2</num>
    <date>15Mar05</date>
    <author>mf</author>
    <note><![CDATA[reduced by 42 bytes with shorter parameter names]]></note>
  </rev>
  <rev>
    <num>1</num>
    <date>31Mar04</date>
    <author>mf</author>
    <note><![CDATA[put in it's own file for use with XC]]></note>
  </rev>
</revisions>

</x_symbol>
