<?xml version="1.0" encoding="ISO-8859-1"?>

<x_symbol id='xClientHeight'>

<sources>
  <src><file>xclientheight.js</file><note><![CDATA[Default.]]></note></src>
</sources>

<copyright>Copyright 2001-2007 Michael Foster (Cross-Browser.com)</copyright>
<license>Part of X, a Cross-Browser Javascript Library, Distributed under the terms of the GNU LGPL</license>
<groups>
  <grp>Window</grp>
</groups>
<type>Function</type>

<description><![CDATA[The inner height of the window not including any scrollbar.]]></description>

<syntax>xClientHeight()</syntax>

<return>Integer</return>

<dependencies>
  <dep>xDef</dep>
</dependencies>

<demos>
  <demo>
    <url>http://cross-browser.com/toys/</url>
    <note><![CDATA[Index of all X demos.]]></note>
  </demo>
</demos>

<revisions>
  <rev>
    <num>5</num><date>31May07</date><author>mf</author>
    <note><![CDATA[In my tests with Apollo I found that "document.compatMode" is undefined. If this code branch isn't taken then Apollo returns some strange values for d.body.clientHeight. So I added the check for "!d.compatMode ||". Since d.compatMode was not supported in IE5 I tested this in IE5 and it works fine because "d.documentElement" also does not exist in IE5. The same change was made in xClientWidth altho the only strage results were seen in xClientHeight.]]></note>
  </rev>
  <rev>
    <num>4</num><date>3Oct06</date><author>mf</author>
    <note><![CDATA[Removed sniffer xOp6Dn as well as Op6 logic. Used "var d=document,w=window" and reduced size by 105 bytes.]]></note>
  </rev>
  <rev>
    <num>3</num><date>25Apr05</date><author>mf</author>
    <note><![CDATA[use xOp6Dn instead of xOp5or6.]]></note>
  </rev>
  <rev>
    <num>2</num><date>27Jan05</date><author>mf</author>
    <note><![CDATA[Moz update for xClientWidth/xClientHeight, check for 'CSS1Compat' (experimental?).]]></note>
  </rev>
  <rev>
    <num>1</num><date>31Mar04</date><author>mf</author>
    <note><![CDATA[put in it's own file for use with XC]]></note>
  </rev>
</revisions>

</x_symbol>
