<?xml version="1.0" encoding="ISO-8859-1"?>

<x_symbol id='xDeg'>

<sources>
  <src><file>xdeg.js</file><note><![CDATA[Default.]]></note></src>
</sources>

<copyright>Copyright 2001-2007 Michael Foster (Cross-Browser.com)</copyright>
<license>Part of X, a Cross-Browser Javascript Library, Distributed under the terms of the GNU LGPL</license>
<groups>
  <grp>Misc</grp>
</groups>
<type>Function</type>

<description><![CDATA[Converts from radians to degrees.]]></description>

<syntax>xDeg(rad)</syntax>

<parameters>
  <par>
    <name>rad</name>
    <note><![CDATA[integer, in radians]]></note>
  </par>
</parameters>

<return>integer, in degrees</return>

<demos>
  <demo>
    <url>http://cross-browser.com/toys/</url>
    <note><![CDATA[Index of all X demos.]]></note>
  </demo>
</demos>

<revisions>
  <rev>
    <num>1</num>
    <date>11Mar05</date>
    <author>mf</author>
    <note><![CDATA[put in it's own file for use with XC]]></note>
  </rev>
</revisions>

</x_symbol>
