<?xml version="1.0" encoding="ISO-8859-1"?>

<x_symbol id='xDisableDrop'>

<sources>
  <src><file>xdisabledrop.js</file><note><![CDATA[Default]]></note></src>
</sources>

<copyright>Copyright 2006-2007 Michael Foster (Cross-Browser.com)</copyright>
<license>Part of X, a Cross-Browser Javascript Library, Distributed under the terms of the GNU LGPL</license>
<groups>
  <grp>Event</grp>
</groups>
<type>Function</type>

<description><![CDATA[Remove drop event support from the element.]]></description>

<syntax>xDisableDrop(ele)</syntax>

<parameters>
  <par>
    <name>ele</name>
    <note><![CDATA[id string or element object reference]]></note>
  </par>
</parameters>

<dependencies>
  <dep>xGetElementById</dep>
  <dep>xEnableDrag</dep>
</dependencies>

<demos>
  <demo>
    <url>http://cross-browser.com/x/examples/drag4.html</url>
    <note><![CDATA[A test page for xEnableDrop/xDisableDrop]]></note>
  </demo>
</demos>

<revisions>
  <rev>
    <num>1</num><date>24Nov06</date><author>mf</author>
    <note><![CDATA[Initial release.]]></note>
  </rev>
</revisions>

</x_symbol>
