<?xml version="1.0" encoding="ISO-8859-1"?>

<x_symbol id='xEditable'>

<sources>
  <src><file>xeditable.js</file><note><![CDATA[Default.]]></note></src>
</sources>

<copyright>Copyright 2005-2007 Jerod Venema</copyright>
<license>Part of X, a Cross-Browser Javascript Library, Distributed under the terms of the GNU LGPL</license>

<groups>
  <grp>Debug</grp>
</groups>

<type>Function</type>

<description><![CDATA[A simple function to allow in-line editing.]]></description>

<syntax>xEditable(container, trigger)</syntax>

<parameters>
  <par><name>container</name><note><![CDATA[element reference or id string]]></note></par>
  <par><name>trigger</name><note><![CDATA[element reference or id string]]></note></par>
</parameters>

<return><![CDATA[void]]></return>

<dependencies>
  <dep>xGetElementById</dep>
  <dep>xAddEventListener</dep>
  <dep>xEvent</dep>
</dependencies>

<demos>
  <demo><url>http://cross-browser.com/toys/</url><note><![CDATA[Index of all X demos.]]></note></demo>
</demos>

<tests>
</tests>

<comments>
  <comment><date>10Oct06</date><author>mf</author><note><![CDATA[Thanks very much, Jerod!]]></note></comment>
</comments>

<revisions>
  <rev><num>3</num><date>6Jun07</date><author>mf</author><note><![CDATA[Removed use of xCreateElement.]]></note></rev>
  <rev><num>2</num><date>20Jan07</date><author>mf</author><note><![CDATA[HFT member ohvayha submitted a bug fix; line 10. Thanks!]]></note></rev>
  <rev><num>1</num><date>26Oct05</date><author>mf</author><note><![CDATA[Initial release.]]></note></rev>
</revisions>

</x_symbol>
