<?xml version="1.0" encoding="ISO-8859-1"?>

<x_symbol id='xEnableDrag'>

<sources>
  <src><file>xenabledrag.js</file><note><![CDATA[Default]]></note></src>
</sources>

<copyright>Copyright 2002-2007 Michael Foster (Cross-Browser.com)</copyright>
<license>Part of X, a Cross-Browser Javascript Library, Distributed under the terms of the GNU LGPL</license>
<groups>
  <grp>Event</grp>
</groups>
<type>Function</type>

<description><![CDATA[Enable dragging for the element. Optionally, dragging can be limited to a rectangular area. If fnDrag is not provided then this code will provide basic dragging. If fnDrag is provided then it must implement the dragging.]]></description>

<syntax>xEnableDrag(ele, [fnDragStart], [fnDrag], [fnDragEnd][, x1, y1, x2, y2])</syntax>

<parameters>
  <par>
    <name>ele</name><note><![CDATA[id string or element object reference.]]></note>
  </par>
  <par>
    <name>fnDragStart</name><note><![CDATA[Function - will be called on mousedown on ele. fnDragStart(ele, mouseX, mouseY, xEventObj)]]></note>
  </par>
  <par>
    <name>fnDrag</name><note><![CDATA[Function - will be called on each mousemove during dragging. fnDrag(ele, mouseDX, mouseDY, bWithinRect, xEventObj)]]></note>
  </par>
  <par>
    <name>fnDragEnd</name><note><![CDATA[Function - will be called on mouseup on ele. fnDragEnd(ele, mouseX, mouseY, xEventObj)]]></note>
  </par>
  <par>
    <name>x1, y1</name><note><![CDATA[Integers - the absolute position of the upper left corner of a rectangle to which dragging will be limited.]]></note>
  </par>
  <par>
    <name>x2, y2</name><note><![CDATA[Integers - the absolute position of the lower right corner of a rectangle to which dragging will be limited.]]></note>
  </par>
</parameters>

<return><![CDATA[None.]]></return>

<dependencies>
  <dep>xGetElementById</dep>
  <dep>xAddEventListener</dep>
  <dep>xRemoveEventListener</dep>
  <dep>xEvent</dep>
  <dep>xMoveTo</dep>
  <dep>xPreventDefault</dep>
  <dep>xDef</dep>
</dependencies>

<demos>
  <demo>
    <url>http://cross-browser.com/x/examples/drag1.php</url>
    <note><![CDATA[This demo lead to the development of xFenster.]]></note>
  </demo>
  <demo>
    <url>http://cross-browser.com/x/examples/xfenster.html</url>
    <note><![CDATA[The first of three xFenster demos.]]></note>
  </demo>
  <demo>
    <url>http://cross-browser.com/x/examples/drag4.html</url>
    <note><![CDATA[A test page for xEnableDrop/xDisableDrop. This page also tests the bounding rectangle feature.]]></note>
  </demo>
</demos>

<revisions>
  <rev>
    <num>6</num><date>5Jun07</date><author>mf</author><note><![CDATA[Removed use of xParent.]]></note>
  </rev>
  <rev>
    <num>5</num><date>28May07</date><author>mf</author><note><![CDATA[I commented-out the line added in rev 2, restricting the drag to the left mouse button, because I'm still uncertain about the values assigned to event.button by Safair/WebKit.]]></note>
  </rev>
  <rev>
    <num>4</num><date>16Apr07</date><author>mf</author><note><![CDATA[Added xEvent object as last argument in calls to callback functions.]]></note>
  </rev>
  <rev>
    <num>3</num><date>26Jan07</date><author>mf</author><note><![CDATA[Added support for a bounding rectangle and improved the documentation in this file.]]></note>
  </rev>
  <rev>
    <num>2</num><date>20Jan07</date><author>mf</author><note><![CDATA[Mark submitted a fix/improvement for xEnableDrag. It now only drags on a "left" click. Thanks!]]></note>
  </rev>
  <rev>
    <num>1</num><date>16Mar05</date><author>mf</author><note><![CDATA[Reduced 426 bytes! Renamed event listeners, variables and parameters. Calling xPreventDefault instead of inline code.]]></note>
  </rev>
</revisions>

</x_symbol>
