<?xml version="1.0" encoding="ISO-8859-1"?>

<x_symbol id='xGetElePropsArray'>

<sources>
  <src><file>xgetelepropsarray.js</file><note><![CDATA[Default.]]></note></src>
</sources>

<copyright>Copyright 2002-2007 Michael Foster (Cross-Browser.com)</copyright>
<license>Part of X, a Cross-Browser Javascript Library, Distributed under the terms of the GNU LGPL</license>
<groups>
  <grp>Debug</grp>
</groups>
<type>Function</type>

<description><![CDATA[Debugging utility.]]></description>

<syntax>xGetElePropsArray(ele, eleName)</syntax>

<parameters>
  <par>
    <name>ele</name>
    <note><![CDATA[element reference]]></note>
  </par>
  <par>
    <name>eleName</name>
    <note><![CDATA[string]]></note>
  </par>
</parameters>

<return>an array of element properties</return>

<dependencies>
  <dep>xDef</dep>
  <dep>xWidth</dep>
  <dep>xHeight</dep>
  <dep>xLeft</dep>
  <dep>xTop</dep>
  <dep>xGetComputedStyle</dep>
</dependencies>

<demos>
  <demo>
    <url>http://cross-browser.com/x/examples/properties_report.php</url>
    <note><![CDATA[a simple test]]></note>
  </demo>
</demos>

<revisions>
  <rev>
    <num>1</num>
    <date>12Mar05</date>
    <author>mf</author>
    <note><![CDATA[put in it's own file for use with XC]]></note>
  </rev>
</revisions>

</x_symbol>
