<?xml version="1.0" encoding="ISO-8859-1"?>

<x_symbol id='xGetCookie'>

<sources>
  <src><file>xgetcookie.js</file><note><![CDATA[Default.]]></note></src>
</sources>

<copyright>Copyright 2001-2007 Michael Foster (Cross-Browser.com)</copyright>
<license>Part of X, a Cross-Browser Javascript Library, Distributed under the terms of the GNU LGPL</license>
<groups>
  <grp>Misc</grp>
</groups>
<type>Function</type>

<description><![CDATA[Get a cookie value]]></description>

<syntax>xGetCookie(sName)</syntax>

<parameters>
  <par>
    <name>sName</name>
    <note><![CDATA[string]]></note>
  </par>
</parameters>

<return>string</return>

<demos>
  <demo>
    <url>http://cross-browser.com/toys/</url>
    <note><![CDATA[Index of all X demos.]]></note>
  </demo>
</demos>

<revisions>
  <rev>
    <num>1</num>
    <date></date>
    <author>mf</author>
    <note><![CDATA[initial implementation based on code from Netscape Javascript Guide]]></note>
  </rev>
</revisions>

</x_symbol>
