<?xml version="1.0" encoding="ISO-8859-1"?>

<x_symbol id='xHasStyleSelector'>

<sources>
  <src><file>xhasstyleselector.js</file><note><![CDATA[Default.]]></note></src>
</sources>

<copyright>Copyright 2006-2007 Ivan Pepelnjak (www.zaplana.net)</copyright>

<license>Part of X, a Cross-Browser Javascript Library, Distributed under the terms of the GNU LGPL</license>

<groups>
  <grp>Style</grp>
</groups>

<type>Function</type>

<description><![CDATA[Checks whether any of the stylesheets attached to the document contain the definition of the specified style selector (simple string matching at the moment).]]></description>

<syntax>xHasStyleSelector(styleSelectorString)</syntax>

<parameters>
  <par><name>styleSelectorString</name><note><![CDATA[]]></note></par>
</parameters>

<return><![CDATA[undefined  - style sheet scripting not supported by the browser<br>true/false - found/not found]]></return>

<dependencies>
  <dep>xHasStyleSheets</dep>
  <dep>xTraverseDocumentStyleSheets</dep>
</dependencies>

<demos>
</demos>

<tests>
</tests>

<revisions>
  <rev><num>1</num><date>12Aug06</date><author>ip</author><note><![CDATA[Initial release]]></note></rev>
</revisions>

</x_symbol>
