<?xml version="1.0" encoding="ISO-8859-1"?>

<x_symbol id='xInsertRule'>

<sources>
  <src><file>xinsertrule.js</file><note><![CDATA[Default.]]></note></src>
</sources>

<copyright>Copyright 2006-2007 Michael Foster (Cross-Browser.com)</copyright>
<license>Part of X, a Cross-Browser Javascript Library, Distributed under the terms of the GNU LGPL</license>

<groups>
  <grp>Style</grp>
</groups>

<type>Function</type>

<description><![CDATA[]]></description>

<syntax>xInsertRule(ss, sel, rule, idx)</syntax>

<parameters>
  <par><name>ss</name><note><![CDATA[StyleSheet object or an id string.]]></note></par>
  <par><name>sel</name><note><![CDATA[String - the CSS selector.]]></note></par>
  <par><name>rule</name><note><![CDATA[String - the CSS rule for sel. Do not include the '{' and '}'.]]></note></par>
  <par><name>idx</name><note><![CDATA[Integer - indicates where the rule will be inserted in ss.]]></note></par>
</parameters>

<return><![CDATA[True on success, false on error.]]></return>

<dependencies>
  <dep>xGetElementById</dep>
</dependencies>

<demos>
  <demo><url>http://cross-browser.com/toys/</url><note><![CDATA[Index of all X demos.]]></note></demo>
</demos>

<tests>
</tests>

<comments>
</comments>

<revisions>
  <rev><num>1</num><date>3Nov06</date><author>mf</author><note><![CDATA[Initial release.]]></note></rev>
</revisions>

</x_symbol>
