<?xml version="1.0" encoding="ISO-8859-1"?>

<x_symbol id='xMoveTo'>

<sources>
  <src><file>xmoveto.js</file><note><![CDATA[Default.]]></note></src>
</sources>

<copyright>Copyright 2001-2007 Michael Foster (Cross-Browser.com)</copyright>
<license>Part of X, a Cross-Browser Javascript Library, Distributed under the terms of the GNU LGPL</license>
<groups>
  <grp>Position</grp>
</groups>
<type>Function</type>

<description><![CDATA[Set the element's x and y coordinates.]]></description>

<syntax>xMoveTo(ele, iX, iY)</syntax>

<parameters>
  <par>
    <name>ele</name>
    <note><![CDATA[id string or object reference]]></note>
  </par>
  <par>
    <name>iX</name>
    <note><![CDATA[integer x coordinate]]></note>
  </par>
  <par>
    <name>iY</name>
    <note><![CDATA[integer y coordinate]]></note>
  </par>
</parameters>

<dependencies>
  <dep>xLeft</dep>
  <dep>xTop</dep>
</dependencies>

<demos>
  <demo>
    <url>http://cross-browser.com/toys/</url>
    <note><![CDATA[Index of all X demos.]]></note>
  </demo>
</demos>

<revisions>
  <rev>
    <num>1</num>
    <date>11Mar05</date>
    <author>mf</author>
    <note><![CDATA[put in it's own file for use with XC]]></note>
  </rev>
</revisions>

</x_symbol>
