<?xml version="1.0" encoding="ISO-8859-1"?>

<x_symbol id='xOpacity'>

<sources>
  <src><file>xopacity.js</file><note><![CDATA[Default.]]></note></src>
</sources>

<copyright>Copyright 2006-2007 Michael Foster (Cross-Browser.com)</copyright>

<license>Part of X, a Cross-Browser Javascript Library, Distributed under the terms of the GNU LGPL</license>

<groups>
  <grp>Style</grp>
</groups>

<type>Function</type>

<description><![CDATA[Set or get the opacity of an element.]]></description>

<syntax>xOpacity(e[, o])</syntax>

<parameters>
  <par><name>e</name><note><![CDATA[Element object or ID string.]]></note></par>
  <par><name>o</name><note><![CDATA[Opacity value: 0.0 - 1.0 (0 = transparent)]]></note></par>
</parameters>

<return><![CDATA[On success returns current opacity: 0.0 - 1.0. On error returns a value greater than 1.]]></return>

<dependencies>
  <dep>xGetElementById</dep>
  <dep>xDef</dep>
  <dep>xStr</dep>
</dependencies>

<demos>
  <demo><url>http://cross-browser.com/x/examples/xaniopacity.html</url><note><![CDATA[xAniOpacity uses xOpacity.]]></note></demo>
</demos>

<tests>
  <test><date>26Sep06</date><author>mf</author><url>http://cross-browser.com/x/examples/xaniopacity.html</url><note><![CDATA[Tested on WinXP with Opera9.01, FF1.0.2, FF1.5.0.7, IE6.]]></note></test>
</tests>

<comments>
  <comment><date>26Sep06</date><author>mf</author><note><![CDATA[Many thanks to everyone who contributed suggestions or code related to opacity!]]></note></comment>
</comments>

<revisions>
  <rev><num>1</num><date>28Sep06</date><author>mf</author><note><![CDATA[Initial release.]]></note></rev>
</revisions>

</x_symbol>
