<?xml version="1.0" encoding="ISO-8859-1"?>

<x_symbol id='xPageX'>

<sources>
  <src><file>xpagex.js</file><note><![CDATA[Default.]]></note></src>
</sources>

<copyright>Copyright 2001-2007 Michael Foster (Cross-Browser.com)</copyright>
<license>Part of X, a Cross-Browser Javascript Library, Distributed under the terms of the GNU LGPL</license>
<groups>
  <grp>Position</grp>
</groups>
<type>Function</type>

<description><![CDATA[Get the page-relative X position of the element.]]></description>

<syntax>xPageX(ele)</syntax>

<parameters>
  <par>
    <name>ele</name>
    <note><![CDATA[id string or object reference]]></note>
  </par>
</parameters>

<return>the page relative X position of ele</return>

<dependencies>
  <dep>xGetElementById</dep>
  <dep>xDef</dep>
</dependencies>

<demos>
  <demo>
    <url>http://cross-browser.com/toys/</url>
    <note><![CDATA[Index of all X demos.]]></note>
  </demo>
</demos>

<comments>
  <comment>
    <date></date>
    <author>mf</author>
    <note><![CDATA[Iterates up the offsetParent chain summing offsetLeft. This is highly dependent on the html structure and the setting of ancestors' position property.]]></note>
  </comment>
</comments>

<revisions>
  <rev><num>2</num><date>10Jan07</date><author>mf</author><note><![CDATA[Removed uneeded 'return'.]]></note></rev>
  <rev><num>1</num><date>31Mar04</date><author>mf</author><note><![CDATA[put in it's own file for use with XC]]></note></rev>
</revisions>

</x_symbol>
