<?xml version="1.0" encoding="ISO-8859-1"?>

<x_symbol id='xPrevSib'>

<sources>
  <src><file>xprevsib.js</file><note><![CDATA[Default.]]></note></src>
</sources>

<copyright>Copyright 2005-2007 Michael Foster (Cross-Browser.com)</copyright>
<license>Part of X, a Cross-Browser Javascript Library, Distributed under the terms of the GNU LGPL</license>
<groups>
  <grp>DOM</grp>
</groups>
<type>Function</type>

<description><![CDATA[Get an element's previous sibling.]]></description>

<syntax>xPrevSib(ele[, tag])</syntax>

<parameters>
  <par>
    <name>ele</name>
    <note><![CDATA[id string or object reference]]></note>
  </par>
  <par>
    <name>tag</name>
    <note><![CDATA[tagName string - optional. Case-insensitive.]]></note>
  </par>
</parameters>

<return>Returns ele's previous sibling with nodeName == tag (if tag is defined), else with nodeType == 1.</return>

<demos>
  <demo>
    <url>http://cross-browser.com/toys/</url>
    <note><![CDATA[Index of all X demos.]]></note>
  </demo>
</demos>

<comments>
  <comment>
    <date>27Jan05</date>
    <author>mf</author>
    <note><![CDATA[I didn't stick with my X naming philosophy - perhaps it should have been 'xPreviousSibling'???]]></note>
  </comment>
</comments>

<revisions>
  <rev>
    <num>4</num><date>1Dec06</date><author>mf</author>
    <note><![CDATA[Re-written to be smaller and more robust.]]></note>
  </rev>
  <rev>
    <num>3</num><date>31Oct06</date><author>mf</author>
    <note><![CDATA[The tag comparison is now case-insensitive. xGetElementById is now called for e so the first argument can be an element or id string.]]></note>
  </rev>
  <rev>
    <num>2</num><date>11Mar05</date><author>mf</author>
    <note><![CDATA[put in it's own file for use with XC]]></note>
  </rev>
  <rev>
    <num>1</num><date>27Jan05</date><author>mf</author>
    <note><![CDATA[Implemented xPrevSib, xNextSib and xFirstChild (need optimizing)]]></note>
  </rev>
</revisions>

</x_symbol>
