<?xml version="1.0" encoding="ISO-8859-1"?>

<x_symbol id='xRad'>

<sources>
  <src><file>xrad.js</file><note><![CDATA[Default.]]></note></src>
</sources>

<copyright>Copyright 2001-2007 Michael Foster (Cross-Browser.com)</copyright>
<license>Part of X, a Cross-Browser Javascript Library, Distributed under the terms of the GNU LGPL</license>
<groups>
  <grp>Misc</grp>
</groups>
<type>Function</type>

<description><![CDATA[Converts from degrees to radians.]]></description>

<syntax>xRad(deg)</syntax>

<parameters>
  <par>
    <name>deg</name>
    <note><![CDATA[integer]]></note>
  </par>
</parameters>

<return>number</return>

<demos>
  <demo>
    <url>http://cross-browser.com/toys/</url>
    <note><![CDATA[Index of all X demos.]]></note>
  </demo>
</demos>

<revisions>
  <rev>
    <num>1</num>
    <date>11Mar05</date>
    <author>mf</author>
    <note><![CDATA[put in it's own file for use with XC]]></note>
  </rev>
</revisions>

</x_symbol>
