<?xml version="1.0" encoding="ISO-8859-1"?>

<x_symbol id='xRemoveEventListener'>

<sources>
  <src><sym>xRemoveEventListener</sym><file>xremoveeventlistener.js</file><note><![CDATA[The default implementation.]]></note></src>
  <src><sym>xRemoveEventListener2</sym><file>xremoveeventlistener2.js</file><note><![CDATA[Use this if you use xAddEventListener2 or xAddEventListener3.]]></note></src>
</sources>

<copyright>Copyright 2001-2007 Michael Foster (Cross-Browser.com)</copyright>
<license>Part of X, a Cross-Browser Javascript Library, Distributed under the terms of the GNU LGPL</license>
<groups>
  <grp>Event</grp>
</groups>
<type>Function</type>

<description><![CDATA[Unregister an event listener previously registered with xAddEventListener.]]></description>

<syntax>xRemoveEventListener(ele, sEventType, fnEventListener[, bCapture])</syntax>

<parameters>
  <par>
    <name>ele</name>
    <note><![CDATA[id string or object reference]]></note>
  </par>
  <par>
    <name>sEventType</name>
    <note><![CDATA[string event type ('mousemove', 'click', 'resize', etc.)]]></note>
  </par>
  <par>
    <name>fnEventListener</name>
    <note><![CDATA[reference to the listener function]]></note>
  </par>
  <par>
    <name>bCapture</name>
    <note><![CDATA[boolean capture event flag]]></note>
  </par>
</parameters>

<dependencies>
  <dep>xGetElementById</dep>
</dependencies>

<demos>
  <demo>
    <url>http://cross-browser.com/toys/</url>
    <note><![CDATA[Index of all X demos.]]></note>
  </demo>
</demos>

<comments>
</comments>

<revisions>
  <rev>
    <num>6</num><date>21Nov06</date><author>mf</author>
    <note><![CDATA[
    Removed the simulated events (window resize and scroll). xRemoveEventListener2.js is now the original implementation.
    ]]></note>
  </rev>
</revisions>

</x_symbol>
