<?xml version="1.0" encoding="ISO-8859-1"?>

<x_symbol id='xScrollTop'>

<sources>
  <src><file>xscrolltop.js</file><note><![CDATA[Default.]]></note></src>
</sources>

<copyright>Copyright 2001-2007 Michael Foster (Cross-Browser.com)</copyright>
<license>Part of X, a Cross-Browser Javascript Library, Distributed under the terms of the GNU LGPL</license>
<groups>
  <grp>Position</grp>
</groups>
<type>Function</type>

<description><![CDATA[Determine how far the window (or an element) has scrolled vertically.]]></description>

<syntax>xScrollTop(e, bWin)</syntax>

<parameters>
  <par>
    <name>ele</name>
    <note><![CDATA[id string or object reference. If undefined return document scrollTop]]></note>
  </par>
  <par>
    <name>bWin</name>
    <note><![CDATA[if true, ele is assumed to be a reference to a window object]]></note>
  </par>
</parameters>

<return>the number of pixels the element (or window) has scrolled vertically</return>

<dependencies>
  <dep>xGetElementById</dep>
  <dep>xDef</dep>
  <dep>xNum</dep>
</dependencies>

<demos>
  <demo>
    <url>http://cross-browser.com/toys/</url>
    <note><![CDATA[Index of all X demos.]]></note>
  </demo>
</demos>

<revisions>
  <rev>
    <num>3</num>
    <date>6Apr04</date>
    <author>mf</author>
    <note><![CDATA[If ele is document or html or body then return document.scrollTop, not ele.scrollTop]]></note>
  </rev>
  <rev>
    <num>2</num>
    <date></date>
    <author>mf</author>
    <note><![CDATA[added external window support]]></note>
  </rev>
  <rev>
    <num>1</num>
    <date>31Mar04</date>
    <author>mf</author>
    <note><![CDATA[put in it's own file for use with XC]]></note>
  </rev>
</revisions>

</x_symbol>
