<?xml version="1.0" encoding="ISO-8859-1"?>

<x_symbol id='xShow'>

<sources>
  <src><file>xshow.js</file><note><![CDATA[Default.]]></note></src>
</sources>

<copyright>Copyright 2001-2007 Michael Foster (Cross-Browser.com)</copyright>
<license>Part of X, a Cross-Browser Javascript Library, Distributed under the terms of the GNU LGPL</license>
<groups>
  <grp>Style</grp>
</groups>
<type>Function</type>

<description><![CDATA[Set the element's visibility to 'visible' ('show' for NN4).]]></description>

<syntax>xShow(ele)</syntax>

<parameters>
  <par>
    <name>ele</name>
    <note><![CDATA[id string or object reference]]></note>
  </par>
</parameters>

<return>the return from xVisibility</return>

<dependencies>
  <dep>xVisibility</dep>
</dependencies>

<demos>
  <demo>
    <url>http://cross-browser.com/toys/</url>
    <note><![CDATA[Index of all X demos.]]></note>
  </demo>
</demos>

<comments>
  <comment><date>2Jul07</date><author>mf</author><note><![CDATA[Don't use this function, access the native property directly. This function is provided only for backwards-compatibility.]]></note></comment>
  <comment>
    <date></date>
    <author>mf</author>
    <note><![CDATA[simply calls xVisibility]]></note>
  </comment>
</comments>

<revisions>
  <rev>
    <num>3</num>
    <date>27Jan05</date>
    <author>mf</author>
    <note><![CDATA[Bug-fixes for xShow/xHide (Dave/dlowther)]]></note>
  </rev>
  <rev>
    <num>2</num>
    <date></date>
    <author>mf</author>
    <note><![CDATA[changed to use xVisibility]]></note>
  </rev>
  <rev>
    <num>1</num>
    <date>31Mar04</date>
    <author>mf</author>
    <note><![CDATA[put in it's own file for use with XC]]></note>
  </rev>
</revisions>

</x_symbol>
