<?xml version="1.0" encoding="ISO-8859-1"?>

<x_symbol id='xSlideCornerTo'>

<sources>
  <src><file>xslidecornerto.js</file><note><![CDATA[Default.]]></note></src>
</sources>

<copyright>Copyright 2005-2007 Michael Foster (Cross-Browser.com)</copyright>
<license>Part of X, a Cross-Browser Javascript Library, Distributed under the terms of the GNU LGPL</license>
<groups>
  <grp>Animation</grp>
</groups>
<type>Function</type>

<description><![CDATA[Time-based resize (corner slide) with sinusoidal rate.]]></description>

<syntax>xSlideCornerTo(ele, corner, targetX, targetY, totalTime)</syntax>

<parameters>
  <par>
    <name>ele</name>
    <note><![CDATA[element object reference or string id]]></note>
  </par>
  <par>
    <name>corner</name>
    <note><![CDATA[string, one of:  ne, se, sw, or nw]]></note>
  </par>
  <par>
    <name>targetX</name>
    <note><![CDATA[integer]]></note>
  </par>
  <par>
    <name>targetY</name>
    <note><![CDATA[integer]]></note>
  </par>
  <par>
    <name>totalTime</name>
    <note><![CDATA[integer, in ms]]></note>
  </par>
</parameters>

<properties>
  <prop>
    <name>stop</name>
    <note><![CDATA[read/write - the stop property on the element itself, when true, will stop animation]]></note>
  </prop>
  <prop>
    <name>moving</name>
    <note><![CDATA[read-only - the moving property on the element itself, when true, indicates animation is active]]></note>
  </prop>
  <prop>
    <name>timeout</name>
    <note><![CDATA[read/write - the timeout property on the element itself, determines frequency of iterations, default is 25]]></note>
  </prop>
  <prop>
    <name>slideLinear</name>
    <note><![CDATA[read/write - the slideLinear property on the element itself, if true, results in a linear rate instead of sinusoidal.]]></note>
  </prop>
  <prop>
    <name>onslideend</name>
    <note><![CDATA[read/write - the onslideend property on the element itself, if defined, will be called at the end of the slide. It does not get called if ele.stop becomes true. It is not reset - the listener can set this.onslideend=null for a 'one-shot'. In the slideEnd listener 'this' points to ele, and you have access to the properties listed here.]]></note>
  </prop>
</properties>

<dependencies>
  <dep>xGetElementById</dep>
  <dep>xLeft</dep>
  <dep>xTop</dep>
  <dep>xHeight</dep>
  <dep>xWidth</dep>
  <dep>xMoveTo</dep>
  <dep>xResizeTo</dep>
</dependencies>

<demos>
  <demo>
    <url>http://cross-browser.com/x/examples/xslidecornerto.php</url>
    <note><![CDATA[animated resize demo]]></note>
  </demo>
  <demo>
    <url>http://cross-browser.com/x/examples/xsequence.php</url>
    <note><![CDATA[xSequence]]></note>
  </demo>
</demos>

<comments>
  <comment>
    <date>17May2005</date>
    <author>mf</author>
    <note><![CDATA[Calling it before the current slide is finished will change the target and continue the slide.]]></note>
  </comment>
</comments>

<revisions>
  <rev>
    <num>3</num>
    <date>31May05</date>
    <author>mf</author>
    <note><![CDATA[Added support for onslideend event. Added support for linear rate.]]></note>
  </rev>
  <rev>
    <num>2</num>
    <date>17May2005</date>
    <author>mf</author>
    <note><![CDATA[Ported from CBE]]></note>
  </rev>
</revisions>

</x_symbol>
