<?xml version="1.0" encoding="ISO-8859-1"?>

<x_symbol id='xStr'>

<sources>
  <src><file>xstr.js</file><note><![CDATA[Default.]]></note></src>
</sources>

<copyright>Copyright 2001-2007 Michael Foster (Cross-Browser.com)</copyright>
<license>Part of X, a Cross-Browser Javascript Library, Distributed under the terms of the GNU LGPL</license>
<groups>
  <grp>Misc</grp>
</groups>
<type>Function</type>

<description><![CDATA[Determine if all arguments are of type 'string'.]]></description>

<syntax>xStr(ref[, etc])</syntax>

<parameters>
  <par>
    <name>ref</name>
    <note><![CDATA[string - accepts any number of arguments]]></note>
  </par>
</parameters>

<return>true if all its arguments are 'string' type</return>

<demos>
  <demo>
    <url>http://cross-browser.com/toys/</url>
    <note><![CDATA[Index of all X demos.]]></note>
  </demo>
</demos>

<revisions>
  <rev>
    <num>1</num>
    <date>31Mar04</date>
    <author>mf</author>
    <note><![CDATA[put in it's own file for use with XC]]></note>
  </rev>
</revisions>

</x_symbol>
