<?xml version="1.0" encoding="ISO-8859-1"?>

<x_symbol id='xStrStartsWith'>

<sources>
  <src><file>xstrstartswith.js</file><note><![CDATA[Default.]]></note></src>
</sources>

<copyright>Copyright 2004-2007 Olivier Spinelli</copyright>
<license>Part of X, a Cross-Browser Javascript Library, Distributed under the terms of the GNU LGPL</license>

<groups>
  <grp>String</grp>
</groups>

<type>Function</type>

<description><![CDATA[Returns true if s begins with beg.]]></description>

<syntax>xStrStartsWith( s, beg )</syntax>

<parameters>
  <par><name>s</name><note><![CDATA[]]></note></par>
  <par><name>beg</name><note><![CDATA[]]></note></par>
</parameters>

<return><![CDATA[Returns true if s begins with beg.]]></return>

<dependencies>
  <dep>xStr</dep>
</dependencies>

<demos>
  <demo><url>http://cross-browser.com/toys/</url><note><![CDATA[Index of all X demos.]]></note></demo>
</demos>

<comments>
  <comment><date>9Oct06</date><author>mf</author><note><![CDATA[Thanks very much to Olivier!]]></note></comment>
</comments>

<revisions>
  <rev><num>2</num><date>28Jun07</date><author>mf</author><note><![CDATA[KevinPrudhomme spotted a bug. "if( r == l )" should have been "if( r < l )". Thanks, Kevin!]]></note></rev>
  <rev><num>1</num><date>2004</date><author>mf</author><note><![CDATA[Initial release]]></note></rev>
</revisions>

</x_symbol>
