<?xml version="1.0" encoding="ISO-8859-1"?>

<x_symbol id='xTimes'>

<sources>
  <src><file>xtimes.js</file><note><![CDATA[Default.]]></note></src>
</sources>

<copyright>Copyright 2006-2007 Daniel Frechette</copyright>

<license>Part of X, a Cross-Browser Javascript Library, Distributed under the terms of the GNU LGPL</license>

<groups>
  <grp>Iteration</grp>
</groups>

<type>Function</type>

<description><![CDATA[Call a function n times.]]></description>

<syntax>xTimes(n, f, s)</syntax>

<parameters>
  <par><name>n</name><note><![CDATA[Int  - Number of times f is called]]></note></par>
  <par><name>f</name><note><![CDATA[Func - Function to execute (can accept an index value from 0 to n-1)]]></note></par>
  <par><name>s</name><note><![CDATA[Int  - Start index (0 if null or not present)]]></note></par>
</parameters>

<return><![CDATA[Nothing]]></return>

<dependencies>
  <dep></dep>
</dependencies>

<demos>
  <demo><url>http://cross-browser.com/toys/</url><note><![CDATA[Index of all X demos.]]></note></demo>
</demos>

<revisions>
  <rev><num>2</num><date>9Sep2006</date><author>mf</author><note><![CDATA[I put 's' as the last param, similar to Daniel's other iteration functions.]]></note></rev>
  <rev><num>1</num><date>8Sep2006</date><author>df</author><note><![CDATA[Initial release.]]></note></rev>
</revisions>

</x_symbol>
