<?xml version="1.0" encoding="ISO-8859-1"?>

<x_symbol id='xToggleClass'>

<sources>
  <src><file>xtoggleclass.js</file><note><![CDATA[Default.]]></note></src>
</sources>

<copyright>Copyright 2005-2007 Daniel Frechette</copyright>

<license>Part of X, a Cross-Browser Javascript Library, Distributed under the terms of the GNU LGPL</license>

<groups>
  <grp>Style</grp>
</groups>

<type>Function</type>

<description><![CDATA[Toggles a class name on or off for an element]]></description>

<syntax>xToggleClass(e, c)</syntax>

<parameters>
  <par><name>e</name><note><![CDATA[Str/Obj - Element id or object]]></note></par>
  <par><name>c</name><note><![CDATA[Str     - Class name]]></note></par>
</parameters>

<return><![CDATA[Bool - true if successful, false otherwise]]></return>

<dependencies>
  <dep>xGetElementById</dep>
  <dep>xRemoveClass</dep>
  <dep>xAddClass</dep>
</dependencies>

<demos>
  <demo><url>http://cross-browser.com/toys/</url><note><![CDATA[Index of all X demos.]]></note></demo>
</demos>

<revisions>
  <rev><num>2</num><date>8Sep2006</date><author>df</author><note><![CDATA[Updated]]></note></rev>
  <rev><num>1</num><date>11Oct2005</date><author>df</author><note><![CDATA[Initial release.]]></note></rev>
</revisions>

</x_symbol>
