<?xml version="1.0" encoding="ISO-8859-1"?>

<x_symbol id='xTraverseStyleSheet'>

<sources>
  <src><file>xtraversestylesheet.js</file><note><![CDATA[Default.]]></note></src>
</sources>

<copyright>Copyright 2006-2007 Ivan Pepelnjak (www.zaplana.net)</copyright>

<license>Part of X, a Cross-Browser Javascript Library, Distributed under the terms of the GNU LGPL</license>

<groups>
  <grp>Style</grp>
</groups>

<type>Function</type>

<description><![CDATA[Traverses all rules in the stylesheet, calling callback function on each rule. Recursively handles stylesheets imported with @import CSS directive. Stops when the callback function returns true (it has found what it's been looking for).]]></description>

<syntax>xTraverseStyleSheet(ss,cb)</syntax>

<parameters>
  <par><name>ss</name><note><![CDATA[stylesheet object]]></note></par>
  <par><name>cb</name><note><![CDATA[callback function]]></note></par>
</parameters>

<return><![CDATA[undefined - problems with CSS-related objects<br>true - callback function returned true at least once<br>false - callback function always returned false]]></return>

<dependencies>
  <dep>xGetCSSRules</dep>
</dependencies>

<demos>
</demos>

<tests>
</tests>

<revisions>
  <rev><num>1</num><date>12Aug06</date><author>ip</author><note><![CDATA[Initial release]]></note></rev>
</revisions>

</x_symbol>
