<?xml version="1.0" encoding="ISO-8859-1"?>

<x_symbol id='xTraverseDocumentStyleSheets'>

<sources>
  <src><file>xtraversedocumentstylesheets.js</file><note><![CDATA[Default.]]></note></src>
</sources>

<copyright>Copyright 2006-2007 Ivan Pepelnjak (www.zaplana.net)</copyright>

<license>Part of X, a Cross-Browser Javascript Library, Distributed under the terms of the GNU LGPL</license>

<groups>
  <grp>Style</grp>
</groups>

<type>Function</type>

<description><![CDATA[Traverses all stylesheets attached to a document (linked as well as internal).]]></description>

<syntax>xTraverseDocumentStyleSheets(cb)</syntax>

<parameters>
  <par><name>cb</name><note><![CDATA[callback function]]></note></par>
</parameters>

<return><![CDATA[boolean]]></return>

<dependencies>
  <dep>xTraverseStyleSheet</dep>
</dependencies>

<demos>
</demos>

<tests>
</tests>

<revisions>
  <rev><num>1</num><date>12Aug06</date><author>ip</author><note><![CDATA[Initial release]]></note></rev>
</revisions>

</x_symbol>
